Class,Count,Percentage
Legitimate,134850,57.189507835195826
Phishing,100945,42.810492164804174
