Experiment,Model,N Test,Accuracy,Balanced Accuracy,Precision,Recall,Specificity,MCC,TN,FP,FN,TP,ROC-AUC,PR-AUC
Within-PhiUSIIL 80/20 split,XGBoost URL-only,47159,0.7545113339977523,0.7257132427077282,0.8416375753728975,0.5254346426271732,0.9259918427882833,0.5047487674411548,24974,1996,9581,10608,0.7388591620825762,0.6983469878673669
Within-PhiUSIIL 80/20 split,Random Forest URL-only,47159,0.7545113339977523,0.7257132427077282,0.8416375753728975,0.5254346426271732,0.9259918427882833,0.5047487674411548,24974,1996,9581,10608,0.738852626696994,0.6982908830088512
Cross-dataset transfer: original -> PhiUSIIL,"XGBoost trained on original, tested on PhiUSIIL",235795,0.39495324328336057,0.4612808955371737,0.40849555658879366,0.9225617910743474,0.0,-0.21402113136166917,0,134850,7817,93128,0.4156918153850268,0.40920774238700686
Cross-dataset transfer: original -> PhiUSIIL,"Random Forest trained on original, tested on PhiUSIIL",235795,0.39486418287071395,0.4611768784981921,0.4084410656395724,0.9223537569963842,0.0,-0.21431828845973408,0,134850,7838,93107,0.4155390501914858,0.38770985925823187
