Model,Threshold Selection,Threshold,Accuracy,Balanced Accuracy,Precision,Recall,Specificity,False Positive Rate,F1,F2,MCC,TN,FP,FN,TP
XGBoost — Full 16 Features,Default threshold,0.5,0.8751445086705202,0.5520596186681844,0.8825622775800712,0.9880478087649402,0.11607142857142858,0.8839285714285714,0.9323308270676691,0.9649805447470817,0.22203035330264734,13,99,9,744
XGBoost — Full 16 Features,Validation-selected threshold,0.98,0.6855491329479769,0.7889869095048379,0.9839034205231388,0.649402390438247,0.9285714285714286,0.07142857142857142,0.7824,0.6967797093188943,0.39247550955211946,104,8,264,489
XGBoost — URL-Only Features,Default threshold,0.5,0.8682080924855491,0.49867197875166,0.8702201622247973,0.99734395750332,0.0,1.0,0.9294554455445545,0.9690322580645161,-0.01856611872048566,0,112,2,751
XGBoost — URL-Only Features,Validation-selected threshold,0.99,0.6358381502890174,0.779435828116107,0.9932432432432432,0.5856573705179283,0.9732142857142857,0.026785714285714284,0.7368421052631579,0.6380208333333334,0.37539289706397383,109,3,312,441
